id,name,read,pattern,sequence,feature_type
CCR10,totalseqC_CCR10,R2,5PNNNNNNNNNN(BC),ATCTGTATGTCACAG,Antibody Capture
CD107a,totalseqC_CD107a,R2,5PNNNNNNNNNN(BC),CAGCCCACTGCAATA,Antibody Capture
CD117,totalseqC_CD117,R2,5PNNNNNNNNNN(BC),AGACTAATAGCTGAC,Antibody Capture
CD11b,totalseqC_CD11b,R2,5PNNNNNNNNNN(BC),GACAAGTGATCTGCA,Antibody Capture
CD11c,totalseqC_CD11c,R2,5PNNNNNNNNNN(BC),TACGCCTATAACTTG,Antibody Capture
CD123,totalseqC_CD123,R2,5PNNNNNNNNNN(BC),CTTCACTCTGTCAGG,Antibody Capture
CD127,totalseqC_CD127,R2,5PNNNNNNNNNN(BC),GTGTGTTGTCCTATG,Antibody Capture
CD134,totalseqC_CD134,R2,5PNNNNNNNNNN(BC),AACCCACCGTTGTTA,Antibody Capture
CD137,totalseqC_CD137,R2,5PNNNNNNNNNN(BC),CAGTAAGTTCGGGAC,Antibody Capture
CD138,totalseqC_CD138,R2,5PNNNNNNNNNN(BC),ACTCTTTCGTTTACG,Antibody Capture
CD14,totalseqC_CD14,R2,5PNNNNNNNNNN(BC),TCTCAGACCTCCGTA,Antibody Capture
CD141,totalseqC_CD141,R2,5PNNNNNNNNNN(BC),GGATAACCGCGCTTT,Antibody Capture
CD15,totalseqC_CD15,R2,5PNNNNNNNNNN(BC),TCACCAGTACCTAGT,Antibody Capture
CD152,totalseqC_CD152,R2,5PNNNNNNNNNN(BC),ATGGTTCACGTAATC,Antibody Capture
CD16,totalseqC_CD16,R2,5PNNNNNNNNNN(BC),AAGTTCACTCTTTGC,Antibody Capture
CD160,totalseqC_CD160,R2,5PNNNNNNNNNN(BC),GGCTAGAAATCAACG,Antibody Capture
CD161,totalseqC_CD161,R2,5PNNNNNNNNNN(BC),GTACGCAGTCCTTCT,Antibody Capture
CD183,totalseqC_CD183,R2,5PNNNNNNNNNN(BC),GCGATGGTAGATTAT,Antibody Capture
CD19,totalseqC_CD19,R2,5PNNNNNNNNNN(BC),CTGGGCAATTACTCG,Antibody Capture
CD195,totalseqC_CD195,R2,5PNNNNNNNNNN(BC),CCAAAGTAAGAGCCA,Antibody Capture
CD197,totalseqC_CD197,R2,5PNNNNNNNNNN(BC),AGTTCAGTCAACCGA,Antibody Capture
CD1D,totalseqC_CD1D,R2,5PNNNNNNNNNN(BC),TCGAGTCGCTTATCA,Antibody Capture
CD200,totalseqC_CD200,R2,5PNNNNNNNNNN(BC),CACGTAGACCTTTGC,Antibody Capture
CD223,totalseqC_CD223,R2,5PNNNNNNNNNN(BC),CATTTGTCTGCCGGT,Antibody Capture
CD229,totalseqC_CD229,R2,5PNNNNNNNNNN(BC),ATAGAACCCAACTTC,Antibody Capture
CD244,totalseqC_CD244,R2,5PNNNNNNNNNN(BC),TCGCTTGGATGGTAG,Antibody Capture
CD25,totalseqC_CD25,R2,5PNNNNNNNNNN(BC),TTTGTCCTGTACGCC,Antibody Capture
CD269,totalseqC_CD269,R2,5PNNNNNNNNNN(BC),CAGATGATCCACCAT,Antibody Capture
CD27,totalseqC_CD27,R2,5PNNNNNNNNNN(BC),GCACTCCTGCATGTA,Antibody Capture
CD273,totalseqC_CD273,R2,5PNNNNNNNNNN(BC),TCAACGCTTGGCTAG,Antibody Capture
CD274,totalseqC_CD274,R2,5PNNNNNNNNNN(BC),GTTGTCCGACAATAC,Antibody Capture
CD278,totalseqC_CD278,R2,5PNNNNNNNNNN(BC),CGCGCACCCATTAAA,Antibody Capture
CD279,totalseqC_CD279,R2,5PNNNNNNNNNN(BC),ACAGCGCCGTATTTA,Antibody Capture
CD28,totalseqC_CD28,R2,5PNNNNNNNNNN(BC),TGAGAACGACCCTAA,Antibody Capture
CD294,totalseqC_CD294,R2,5PNNNNNNNNNN(BC),TGTTTACGAGAGCCC,Antibody Capture
CD307,totalseqC_CD307,R2,5PNNNNNNNNNN(BC),TCACGCAGTCCTCAA,Antibody Capture
CD314,totalseqC_CD314,R2,5PNNNNNNNNNN(BC),CGTGTTTGTTCCTCA,Antibody Capture
CD319,totalseqC_CD319,R2,5PNNNNNNNNNN(BC),AGTATGCCATGTCTT,Antibody Capture
CD33,totalseqC_CD33,R2,5PNNNNNNNNNN(BC),TAACTCAGGGCCTAT,Antibody Capture
CD335,totalseqC_CD335,R2,5PNNNNNNNNNN(BC),ACAATTTGAACAGCG,Antibody Capture
CD337,totalseqC_CD337,R2,5PNNNNNNNNNN(BC),AAAGTCACTCTGCCG,Antibody Capture
CD357,totalseqC_CD357,R2,5PNNNNNNNNNN(BC),ACCTTTCGACACTCG,Antibody Capture
CD366 ,totalseqC_CD366 ,R2,5PNNNNNNNNNN(BC),TGTCCTACCCAACTT,Antibody Capture
CD38,totalseqC_CD38,R2,5PNNNNNNNNNN(BC),CCTATTCCGATTCCG,Antibody Capture
CD39,totalseqC_CD39,R2,5PNNNNNNNNNN(BC),TTACCTGGTATCCGT,Antibody Capture
CD3e,totalseqC_CD3e,R2,5PNNNNNNNNNN(BC),CTCATTGTAACTCCT,Antibody Capture
CD4,totalseqC_CD4,R2,5PNNNNNNNNNN(BC),TGTTCCCGCTCAACT,Antibody Capture
CD40,totalseqC_CD40,R2,5PNNNNNNNNNN(BC),CTCAGATGGAGTATG,Antibody Capture
CD45,totalseqC_CD45,R2,5PNNNNNNNNNN(BC),TGCAATTACCCGGAT,Antibody Capture
CD45RA,totalseqC_CD45RA,R2,5PNNNNNNNNNN(BC),TCAATCCTTCCGCTT,Antibody Capture
CD45RO,totalseqC_CD45RO,R2,5PNNNNNNNNNN(BC),CTCCGAATCATGTTG,Antibody Capture
CD56,totalseqC_CD56,R2,5PNNNNNNNNNN(BC),TCCTTTCCTGATAGG,Antibody Capture
CD57,totalseqC_CD57,R2,5PNNNNNNNNNN(BC),AACTCCCTATGGAGG,Antibody Capture
CD62L,totalseqC_CD62L,R2,5PNNNNNNNNNN(BC),GTCCCTGCAACTTGA,Antibody Capture
CD69,totalseqC_CD69,R2,5PNNNNNNNNNN(BC),GTCTCTTGGCTTAAA,Antibody Capture
CD73,totalseqC_CD73,R2,5PNNNNNNNNNN(BC),CAGTTCCTCAGTTCG,Antibody Capture
CD80,totalseqC_CD80,R2,5PNNNNNNNNNN(BC),ACGAATCAATCTGTG,Antibody Capture
CD81,totalseqC_CD81,R2,5PNNNNNNNNNN(BC),GTATCCTTCCTTGGC,Antibody Capture
CD8a,totalseqC_CD8a,R2,5PNNNNNNNNNN(BC),GCTGCGCTTTCCATT,Antibody Capture
CD94,totalseqC_CD94,R2,5PNNNNNNNNNN(BC),CTTTCCGGTCCTACA,Antibody Capture
CD95,totalseqC_CD95,R2,5PNNNNNNNNNN(BC),CCAGCTCATTAGAGC,Antibody Capture
FITC,totalseqC_FITC,R2,5PNNNNNNNNNN(BC),TTTGTGTTGTGGTAC,Antibody Capture
HLA-DR,totalseqC_HLA-DR,R2,5PNNNNNNNNNN(BC),AATAGCGAGCAAGTA,Antibody Capture
ITGB7,totalseqC_ITGB7,R2,5PNNNNNNNNNN(BC),TCCTTGGATGTACCG,Antibody Capture
KLRG1,totalseqC_KLRG1,R2,5PNNNNNNNNNN(BC),GTAGTAGGCTAGACC,Antibody Capture
PE,totalseqC_PE,R2,5PNNNNNNNNNN(BC),TGACCAGTTCCGCAT,Antibody Capture
TACI,totalseqC_TACI,R2,5PNNNNNNNNNN(BC),AGTGATGGAGCGAAC,Antibody Capture
TCRab,totalseqC_TCRab,R2,5PNNNNNNNNNN(BC),CGTAACGTAGAGCGA,Antibody Capture
TCRvd2,totalseqC_TCRvd2,R2,5PNNNNNNNNNN(BC),TCAGTCAGATGGTAT,Antibody Capture
TIGIT,totalseqC_TIGIT,R2,5PNNNNNNNNNN(BC),TTGCTTACCGCCAGA,Antibody Capture